"","participant","lang_1","lang_2","region","age","l2_rating","native","l2","item_num","item_text","item_response","e.c_1.0","m_f","condition","repeated_pro","canada_specific_pro","exp_con"
"94",4,"French","","France",NA,NA,1,0,1,"Chacun, il veut avoir raison",1,1,"m",1,NA,0,0
"96",4,"French","","France",NA,NA,1,0,3,"Tous, ils sont d'accord",1,1,"m",1,NA,0,0
"98",4,"French","","France",NA,NA,1,0,5,"Quelqu'un, il a telephone",3,1,"m",1,NA,0,0
"99",4,"French","","France",NA,NA,1,0,6,"Quelqu'une, elle a telephone",1,1,"f",1,NA,0,0
"105",4,"French","","France",NA,NA,1,0,12,"Tous mes amis, ils sont partis en vacances",3,1,"m",1,NA,0,0
"107",4,"French","","France",NA,NA,1,0,14,"Quelques amis, ils sont venus",3,1,"mis",1,NA,0,0
"109",4,"French","","France",NA,NA,1,0,16,"Aucun enfant, il a le droit de faire ca",3,1,"m",1,NA,0,0
"113",4,"French","","France",NA,NA,1,0,20,"Beaucoup d'americains, ils ont achete du papier toilette",3,1,"m",1,NA,0,0
"115",4,"French","","France",NA,NA,1,0,22,"Peu de gens, ils ont accord  une assurance sante",3,1,"m",1,NA,0,0
"118",4,"French","","France",NA,NA,1,0,25,"Jean, il boit et il mange toute la journee",5,NA,"m",2,1,0,0
"121",4,"French","","France",NA,NA,1,0,28,"Andre, i mange et i boit toute la journee",5,NA,"m",2,1,1,0
"123",4,"French","","France",NA,NA,1,0,30,"Marie, elle boit et elle mange toute la journee",5,NA,"f",2,1,1,0
"124",4,"French","","France",NA,NA,1,0,31,"Marie, a boit et a mange toute la journee",5,NA,"f",2,1,1,0
"125",5,"French","","Belgium",NA,NA,1,0,1,"Chacun, il veut avoir raison",2,1,"m",1,NA,0,0
"127",5,"French","","Belgium",NA,NA,1,0,3,"Tous, ils sont d'accord",5,1,"m",1,NA,0,0
"129",5,"French","","Belgium",NA,NA,1,0,5,"Quelqu'un, il a telephone",1,1,"m",1,NA,0,0
"130",5,"French","","Belgium",NA,NA,1,0,6,"Quelqu'une, elle a telephone",2,1,"f",1,NA,0,0
"136",5,"French","","Belgium",NA,NA,1,0,12,"Tous mes amis, ils sont partis en vacances",5,1,"m",1,NA,0,0
"138",5,"French","","Belgium",NA,NA,1,0,14,"Quelques amis, ils sont venus",2,1,"mis",1,NA,0,0
"140",5,"French","","Belgium",NA,NA,1,0,16,"Aucun enfant, il a le droit de faire ca",2,1,"m",1,NA,0,0
"144",5,"French","","Belgium",NA,NA,1,0,20,"Beaucoup d'americains, ils ont achete du papier toilette",2,1,"m",1,NA,0,0
"146",5,"French","","Belgium",NA,NA,1,0,22,"Peu de gens, ils ont accord  une assurance sante",3,1,"m",1,NA,0,0
"149",5,"French","","Belgium",NA,NA,1,0,25,"Jean, il boit et il mange toute la journee",3,NA,"m",2,1,0,0
"152",5,"French","","Belgium",NA,NA,1,0,28,"Andre, i mange et i boit toute la journee",4,NA,"m",2,1,1,0
"154",5,"French","","Belgium",NA,NA,1,0,30,"Marie, elle boit et elle mange toute la journee",5,NA,"f",2,1,1,0
"155",5,"French","","Belgium",NA,NA,1,0,31,"Marie, a boit et a mange toute la journee",1,NA,"f",2,1,1,0
"156",6,"French","","France",NA,NA,1,0,1,"Chacun, il veut avoir raison",1,1,"m",1,NA,0,0
"158",6,"French","","France",NA,NA,1,0,3,"Tous, ils sont d'accord",1,1,"m",1,NA,0,0
"160",6,"French","","France",NA,NA,1,0,5,"Quelqu'un, il a telephone",1,1,"m",1,NA,0,0
"161",6,"French","","France",NA,NA,1,0,6,"Quelqu'une, elle a telephone",1,1,"f",1,NA,0,0
"167",6,"French","","France",NA,NA,1,0,12,"Tous mes amis, ils sont partis en vacances",1,1,"m",1,NA,0,0
"169",6,"French","","France",NA,NA,1,0,14,"Quelques amis, ils sont venus",1,1,"mis",1,NA,0,0
"171",6,"French","","France",NA,NA,1,0,16,"Aucun enfant, il a le droit de faire ca",1,1,"m",1,NA,0,0
"175",6,"French","","France",NA,NA,1,0,20,"Beaucoup d'americains, ils ont achete du papier toilette",1,1,"m",1,NA,0,0
"177",6,"French","","France",NA,NA,1,0,22,"Peu de gens, ils ont accord  une assurance sante",1,1,"m",1,NA,0,0
"180",6,"French","","France",NA,NA,1,0,25,"Jean, il boit et il mange toute la journee",1,NA,"m",2,1,0,0
"183",6,"French","","France",NA,NA,1,0,28,"Andre, i mange et i boit toute la journee",1,NA,"m",2,1,1,0
"185",6,"French","","France",NA,NA,1,0,30,"Marie, elle boit et elle mange toute la journee",1,NA,"f",2,1,1,0
"186",6,"French","","France",NA,NA,1,0,31,"Marie, a boit et a mange toute la journee",1,NA,"f",2,1,1,0
"435",15,"Ede Caabe","French","Benin",NA,NA,1,0,1,"Chacun, il veut avoir raison",1,1,"m",1,NA,0,0
"437",15,"Ede Caabe","French","Benin",NA,NA,1,0,3,"Tous, ils sont d'accord",2,1,"m",1,NA,0,0
"439",15,"Ede Caabe","French","Benin",NA,NA,1,0,5,"Quelqu'un, il a telephone",1,1,"m",1,NA,0,0
"440",15,"Ede Caabe","French","Benin",NA,NA,1,0,6,"Quelqu'une, elle a telephone",1,1,"f",1,NA,0,0
"446",15,"Ede Caabe","French","Benin",NA,NA,1,0,12,"Tous mes amis, ils sont partis en vacances",2,1,"m",1,NA,0,0
"448",15,"Ede Caabe","French","Benin",NA,NA,1,0,14,"Quelques amis, ils sont venus",1,1,"mis",1,NA,0,0
"450",15,"Ede Caabe","French","Benin",NA,NA,1,0,16,"Aucun enfant, il a le droit de faire ca",1,1,"m",1,NA,0,0
"454",15,"Ede Caabe","French","Benin",NA,NA,1,0,20,"Beaucoup d'americains, ils ont achete du papier toilette",2,1,"m",1,NA,0,0
"456",15,"Ede Caabe","French","Benin",NA,NA,1,0,22,"Peu de gens, ils ont accord  une assurance sante",1,1,"m",1,NA,0,0
"459",15,"Ede Caabe","French","Benin",NA,NA,1,0,25,"Jean, il boit et il mange toute la journee",3,NA,"m",2,1,0,0
"462",15,"Ede Caabe","French","Benin",NA,NA,1,0,28,"Andre, i mange et i boit toute la journee",2,NA,"m",2,1,1,0
"464",15,"Ede Caabe","French","Benin",NA,NA,1,0,30,"Marie, elle boit et elle mange toute la journee",3,NA,"f",2,1,1,0
"465",15,"Ede Caabe","French","Benin",NA,NA,1,0,31,"Marie, a boit et a mange toute la journee",1,NA,"f",2,1,1,0
"497",17,"French","","Belgium",NA,NA,1,0,1,"Chacun, il veut avoir raison",2,1,"m",1,NA,0,0
"499",17,"French","","Belgium",NA,NA,1,0,3,"Tous, ils sont d'accord",2,1,"m",1,NA,0,0
"501",17,"French","","Belgium",NA,NA,1,0,5,"Quelqu'un, il a telephone",2,1,"m",1,NA,0,0
"502",17,"French","","Belgium",NA,NA,1,0,6,"Quelqu'une, elle a telephone",1,1,"f",1,NA,0,0
"508",17,"French","","Belgium",NA,NA,1,0,12,"Tous mes amis, ils sont partis en vacances",5,1,"m",1,NA,0,0
"510",17,"French","","Belgium",NA,NA,1,0,14,"Quelques amis, ils sont venus",2,1,"mis",1,NA,0,0
"512",17,"French","","Belgium",NA,NA,1,0,16,"Aucun enfant, il a le droit de faire ca",4,1,"m",1,NA,0,0
"516",17,"French","","Belgium",NA,NA,1,0,20,"Beaucoup d'americains, ils ont achete du papier toilette",1,1,"m",1,NA,0,0
"518",17,"French","","Belgium",NA,NA,1,0,22,"Peu de gens, ils ont accord  une assurance sante",2,1,"m",1,NA,0,0
"521",17,"French","","Belgium",NA,NA,1,0,25,"Jean, il boit et il mange toute la journee",5,NA,"m",2,1,0,0
"524",17,"French","","Belgium",NA,NA,1,0,28,"Andre, i mange et i boit toute la journee",4,NA,"m",2,1,1,0
"526",17,"French","","Belgium",NA,NA,1,0,30,"Marie, elle boit et elle mange toute la journee",5,NA,"f",2,1,1,0
"527",17,"French","","Belgium",NA,NA,1,0,31,"Marie, a boit et a mange toute la journee",1,NA,"f",2,1,1,0
"590",20,"French","","Guayana",13,NA,1,0,1,"Chacun, il veut avoir raison",1,1,"m",1,NA,0,0
"592",20,"French","","Guayana",13,NA,1,0,3,"Tous, ils sont d'accord",2,1,"m",1,NA,0,0
"594",20,"French","","Guayana",13,NA,1,0,5,"Quelqu'un, il a telephone",1,1,"m",1,NA,0,0
"595",20,"French","","Guayana",13,NA,1,0,6,"Quelqu'une, elle a telephone",1,1,"f",1,NA,0,0
"601",20,"French","","Guayana",13,NA,1,0,12,"Tous mes amis, ils sont partis en vacances",1,1,"m",1,NA,0,0
"603",20,"French","","Guayana",13,NA,1,0,14,"Quelques amis, ils sont venus",1,1,"mis",1,NA,0,0
"605",20,"French","","Guayana",13,NA,1,0,16,"Aucun enfant, il a le droit de faire ca",1,1,"m",1,NA,0,0
"609",20,"French","","Guayana",13,NA,1,0,20,"Beaucoup d'americains, ils ont achete du papier toilette",1,1,"m",1,NA,0,0
"611",20,"French","","Guayana",13,NA,1,0,22,"Peu de gens, ils ont accord  une assurance sante",1,1,"m",1,NA,0,0
"614",20,"French","","Guayana",13,NA,1,0,25,"Jean, il boit et il mange toute la journee",5,NA,"m",2,1,0,0
"617",20,"French","","Guayana",13,NA,1,0,28,"Andre, i mange et i boit toute la journee",1,NA,"m",2,1,1,0
"619",20,"French","","Guayana",13,NA,1,0,30,"Marie, elle boit et elle mange toute la journee",5,NA,"f",2,1,1,0
"620",20,"French","","Guayana",13,NA,1,0,31,"Marie, a boit et a mange toute la journee",1,NA,"f",2,1,1,0
"652",22,"French","","France",22,NA,1,0,1,"Chacun, il veut avoir raison",1,1,"m",1,NA,0,0
"654",22,"French","","France",22,NA,1,0,3,"Tous, ils sont d'accord",4,1,"m",1,NA,0,0
"656",22,"French","","France",22,NA,1,0,5,"Quelqu'un, il a telephone",2,1,"m",1,NA,0,0
"657",22,"French","","France",22,NA,1,0,6,"Quelqu'une, elle a telephone",2,1,"f",1,NA,0,0
"663",22,"French","","France",22,NA,1,0,12,"Tous mes amis, ils sont partis en vacances",1,1,"m",1,NA,0,0
"665",22,"French","","France",22,NA,1,0,14,"Quelques amis, ils sont venus",2,1,"mis",1,NA,0,0
"667",22,"French","","France",22,NA,1,0,16,"Aucun enfant, il a le droit de faire ca",1,1,"m",1,NA,0,0
"671",22,"French","","France",22,NA,1,0,20,"Beaucoup d'americains, ils ont achete du papier toilette",1,1,"m",1,NA,0,0
"673",22,"French","","France",22,NA,1,0,22,"Peu de gens, ils ont accord  une assurance sante",1,1,"m",1,NA,0,0
"676",22,"French","","France",22,NA,1,0,25,"Jean, il boit et il mange toute la journee",5,NA,"m",2,1,0,0
"679",22,"French","","France",22,NA,1,0,28,"Andre, i mange et i boit toute la journee",4,NA,"m",2,1,1,0
"681",22,"French","","France",22,NA,1,0,30,"Marie, elle boit et elle mange toute la journee",5,NA,"f",2,1,1,0
"682",22,"French","","France",22,NA,1,0,31,"Marie, a boit et a mange toute la journee",1,NA,"f",2,1,1,0
"683",23,"French","","France",NA,NA,1,0,1,"Chacun, il veut avoir raison",1,1,"m",1,NA,0,0
"685",23,"French","","France",NA,NA,1,0,3,"Tous, ils sont d'accord",2,1,"m",1,NA,0,0
"687",23,"French","","France",NA,NA,1,0,5,"Quelqu'un, il a telephone",1,1,"m",1,NA,0,0
"688",23,"French","","France",NA,NA,1,0,6,"Quelqu'une, elle a telephone",1,1,"f",1,NA,0,0
"694",23,"French","","France",NA,NA,1,0,12,"Tous mes amis, ils sont partis en vacances",3,1,"m",1,NA,0,0
"696",23,"French","","France",NA,NA,1,0,14,"Quelques amis, ils sont venus",1,1,"mis",1,NA,0,0
"698",23,"French","","France",NA,NA,1,0,16,"Aucun enfant, il a le droit de faire ca",1,1,"m",1,NA,0,0
"702",23,"French","","France",NA,NA,1,0,20,"Beaucoup d'americains, ils ont achete du papier toilette",1,1,"m",1,NA,0,0
"704",23,"French","","France",NA,NA,1,0,22,"Peu de gens, ils ont accord  une assurance sante",2,1,"m",1,NA,0,0
"707",23,"French","","France",NA,NA,1,0,25,"Jean, il boit et il mange toute la journee",3,NA,"m",2,1,0,0
"710",23,"French","","France",NA,NA,1,0,28,"Andre, i mange et i boit toute la journee",1,NA,"m",2,1,1,0
"712",23,"French","","France",NA,NA,1,0,30,"Marie, elle boit et elle mange toute la journee",3,NA,"f",2,1,1,0
"713",23,"French","","France",NA,NA,1,0,31,"Marie, a boit et a mange toute la journee",1,NA,"f",2,1,1,0
"714",24,"French","","France",29,NA,1,0,1,"Chacun, il veut avoir raison",1,1,"m",1,NA,0,0
"716",24,"French","","France",29,NA,1,0,3,"Tous, ils sont d'accord",1,1,"m",1,NA,0,0
"718",24,"French","","France",29,NA,1,0,5,"Quelqu'un, il a telephone",1,1,"m",1,NA,0,0
"719",24,"French","","France",29,NA,1,0,6,"Quelqu'une, elle a telephone",1,1,"f",1,NA,0,0
"725",24,"French","","France",29,NA,1,0,12,"Tous mes amis, ils sont partis en vacances",2,1,"m",1,NA,0,0
"727",24,"French","","France",29,NA,1,0,14,"Quelques amis, ils sont venus",1,1,"mis",1,NA,0,0
"729",24,"French","","France",29,NA,1,0,16,"Aucun enfant, il a le droit de faire ca",1,1,"m",1,NA,0,0
"733",24,"French","","France",29,NA,1,0,20,"Beaucoup d'americains, ils ont achete du papier toilette",1,1,"m",1,NA,0,0
"735",24,"French","","France",29,NA,1,0,22,"Peu de gens, ils ont accord  une assurance sante",1,1,"m",1,NA,0,0
"738",24,"French","","France",29,NA,1,0,25,"Jean, il boit et il mange toute la journee",5,NA,"m",2,1,0,0
"741",24,"French","","France",29,NA,1,0,28,"Andre, i mange et i boit toute la journee",5,NA,"m",2,1,1,0
"743",24,"French","","France",29,NA,1,0,30,"Marie, elle boit et elle mange toute la journee",5,NA,"f",2,1,1,0
"744",24,"French","","France",29,NA,1,0,31,"Marie, a boit et a mange toute la journee",1,NA,"f",2,1,1,0
"745",25,"French","","France",30,NA,1,0,1,"Chacun, il veut avoir raison",1,1,"m",1,NA,0,0
"747",25,"French","","France",30,NA,1,0,3,"Tous, ils sont d'accord",1,1,"m",1,NA,0,0
"749",25,"French","","France",30,NA,1,0,5,"Quelqu'un, il a telephone",2,1,"m",1,NA,0,0
"750",25,"French","","France",30,NA,1,0,6,"Quelqu'une, elle a telephone",1,1,"f",1,NA,0,0
"756",25,"French","","France",30,NA,1,0,12,"Tous mes amis, ils sont partis en vacances",3,1,"m",1,NA,0,0
"758",25,"French","","France",30,NA,1,0,14,"Quelques amis, ils sont venus",1,1,"mis",1,NA,0,0
"760",25,"French","","France",30,NA,1,0,16,"Aucun enfant, il a le droit de faire ca",1,1,"m",1,NA,0,0
"764",25,"French","","France",30,NA,1,0,20,"Beaucoup d'americains, ils ont achete du papier toilette",3,1,"m",1,NA,0,0
"766",25,"French","","France",30,NA,1,0,22,"Peu de gens, ils ont accord  une assurance sante",1,1,"m",1,NA,0,0
"769",25,"French","","France",30,NA,1,0,25,"Jean, il boit et il mange toute la journee",5,NA,"m",2,1,0,0
"772",25,"French","","France",30,NA,1,0,28,"Andre, i mange et i boit toute la journee",1,NA,"m",2,1,1,0
"774",25,"French","","France",30,NA,1,0,30,"Marie, elle boit et elle mange toute la journee",5,NA,"f",2,1,1,0
"775",25,"French","","France",30,NA,1,0,31,"Marie, a boit et a mange toute la journee",1,NA,"f",2,1,1,0
"807",27,"French","","France",28,NA,1,0,1,"Chacun, il veut avoir raison",1,1,"m",1,NA,0,0
"809",27,"French","","France",28,NA,1,0,3,"Tous, ils sont d'accord",1,1,"m",1,NA,0,0
"811",27,"French","","France",28,NA,1,0,5,"Quelqu'un, il a telephone",1,1,"m",1,NA,0,0
"812",27,"French","","France",28,NA,1,0,6,"Quelqu'une, elle a telephone",1,1,"f",1,NA,0,0
"818",27,"French","","France",28,NA,1,0,12,"Tous mes amis, ils sont partis en vacances",2,1,"m",1,NA,0,0
"820",27,"French","","France",28,NA,1,0,14,"Quelques amis, ils sont venus",1,1,"mis",1,NA,0,0
"822",27,"French","","France",28,NA,1,0,16,"Aucun enfant, il a le droit de faire ca",1,1,"m",1,NA,0,0
"826",27,"French","","France",28,NA,1,0,20,"Beaucoup d'americains, ils ont achete du papier toilette",1,1,"m",1,NA,0,0
"828",27,"French","","France",28,NA,1,0,22,"Peu de gens, ils ont accord  une assurance sante",1,1,"m",1,NA,0,0
"831",27,"French","","France",28,NA,1,0,25,"Jean, il boit et il mange toute la journee",5,NA,"m",2,1,0,0
"834",27,"French","","France",28,NA,1,0,28,"Andre, i mange et i boit toute la journee",1,NA,"m",2,1,1,0
"836",27,"French","","France",28,NA,1,0,30,"Marie, elle boit et elle mange toute la journee",5,NA,"f",2,1,1,0
"837",27,"French","","France",28,NA,1,0,31,"Marie, a boit et a mange toute la journee",1,NA,"f",2,1,1,0
"838",28,"French","","France",23,NA,1,0,1,"Chacun, il veut avoir raison",1,1,"m",1,NA,0,0
"840",28,"French","","France",23,NA,1,0,3,"Tous, ils sont d'accord",1,1,"m",1,NA,0,0
"842",28,"French","","France",23,NA,1,0,5,"Quelqu'un, il a telephone",1,1,"m",1,NA,0,0
"843",28,"French","","France",23,NA,1,0,6,"Quelqu'une, elle a telephone",1,1,"f",1,NA,0,0
"849",28,"French","","France",23,NA,1,0,12,"Tous mes amis, ils sont partis en vacances",1,1,"m",1,NA,0,0
"851",28,"French","","France",23,NA,1,0,14,"Quelques amis, ils sont venus",1,1,"mis",1,NA,0,0
"853",28,"French","","France",23,NA,1,0,16,"Aucun enfant, il a le droit de faire ca",5,1,"m",1,NA,0,0
"857",28,"French","","France",23,NA,1,0,20,"Beaucoup d'americains, ils ont achete du papier toilette",1,1,"m",1,NA,0,0
"859",28,"French","","France",23,NA,1,0,22,"Peu de gens, ils ont accord  une assurance sante",1,1,"m",1,NA,0,0
"862",28,"French","","France",23,NA,1,0,25,"Jean, il boit et il mange toute la journee",4,NA,"m",2,1,0,0
"865",28,"French","","France",23,NA,1,0,28,"Andre, i mange et i boit toute la journee",5,NA,"m",2,1,1,0
"867",28,"French","","France",23,NA,1,0,30,"Marie, elle boit et elle mange toute la journee",5,NA,"f",2,1,1,0
"868",28,"French","","France",23,NA,1,0,31,"Marie, a boit et a mange toute la journee",1,NA,"f",2,1,1,0
"931",31,"French","","Canada",37,NA,1,0,1,"Chacun, il veut avoir raison",2,1,"m",1,NA,0,0
"933",31,"French","","Canada",37,NA,1,0,3,"Tous, ils sont d'accord",3,1,"m",1,NA,0,0
"935",31,"French","","Canada",37,NA,1,0,5,"Quelqu'un, il a telephone",2,1,"m",1,NA,0,0
"936",31,"French","","Canada",37,NA,1,0,6,"Quelqu'une, elle a telephone",1,1,"f",1,NA,0,0
"942",31,"French","","Canada",37,NA,1,0,12,"Tous mes amis, ils sont partis en vacances",5,1,"m",1,NA,0,0
"944",31,"French","","Canada",37,NA,1,0,14,"Quelques amis, ils sont venus",2,1,"mis",1,NA,0,0
"946",31,"French","","Canada",37,NA,1,0,16,"Aucun enfant, il a le droit de faire ca",1,1,"m",1,NA,0,0
"950",31,"French","","Canada",37,NA,1,0,20,"Beaucoup d'americains, ils ont achete du papier toilette",2,1,"m",1,NA,0,0
"952",31,"French","","Canada",37,NA,1,0,22,"Peu de gens, ils ont accord  une assurance sante",1,1,"m",1,NA,0,0
"955",31,"French","","Canada",37,NA,1,0,25,"Jean, il boit et il mange toute la journee",4,NA,"m",2,1,0,0
"958",31,"French","","Canada",37,NA,1,0,28,"Andre, i mange et i boit toute la journee",1,NA,"m",2,1,1,0
"960",31,"French","","Canada",37,NA,1,0,30,"Marie, elle boit et elle mange toute la journee",4,NA,"f",2,1,1,0
"961",31,"French","","Canada",37,NA,1,0,31,"Marie, a boit et a mange toute la journee",1,NA,"f",2,1,1,0
"993",33,"French","","Canada",24,NA,1,0,1,"Chacun, il veut avoir raison",1,1,"m",1,NA,0,0
"995",33,"French","","Canada",24,NA,1,0,3,"Tous, ils sont d'accord",4,1,"m",1,NA,0,0
"997",33,"French","","Canada",24,NA,1,0,5,"Quelqu'un, il a telephone",1,1,"m",1,NA,0,0
"998",33,"French","","Canada",24,NA,1,0,6,"Quelqu'une, elle a telephone",1,1,"f",1,NA,0,0
"1004",33,"French","","Canada",24,NA,1,0,12,"Tous mes amis, ils sont partis en vacances",4,1,"m",1,NA,0,0
"1006",33,"French","","Canada",24,NA,1,0,14,"Quelques amis, ils sont venus",1,1,"mis",1,NA,0,0
"1008",33,"French","","Canada",24,NA,1,0,16,"Aucun enfant, il a le droit de faire ca",1,1,"m",1,NA,0,0
"1012",33,"French","","Canada",24,NA,1,0,20,"Beaucoup d'americains, ils ont achete du papier toilette",1,1,"m",1,NA,0,0
"1014",33,"French","","Canada",24,NA,1,0,22,"Peu de gens, ils ont accord  une assurance sante",4,1,"m",1,NA,0,0
"1017",33,"French","","Canada",24,NA,1,0,25,"Jean, il boit et il mange toute la journee",5,NA,"m",2,1,0,0
"1020",33,"French","","Canada",24,NA,1,0,28,"Andre, i mange et i boit toute la journee",4,NA,"m",2,1,1,0
"1022",33,"French","","Canada",24,NA,1,0,30,"Marie, elle boit et elle mange toute la journee",5,NA,"f",2,1,1,0
"1023",33,"French","","Canada",24,NA,1,0,31,"Marie, a boit et a mange toute la journee",5,NA,"f",2,1,1,0
"1024",34,"French","","Canada",35,NA,1,0,1,"Chacun, il veut avoir raison",1,1,"m",1,NA,0,0
"1026",34,"French","","Canada",35,NA,1,0,3,"Tous, ils sont d'accord",3,1,"m",1,NA,0,0
"1028",34,"French","","Canada",35,NA,1,0,5,"Quelqu'un, il a telephone",1,1,"m",1,NA,0,0
"1029",34,"French","","Canada",35,NA,1,0,6,"Quelqu'une, elle a telephone",1,1,"f",1,NA,0,0
"1035",34,"French","","Canada",35,NA,1,0,12,"Tous mes amis, ils sont partis en vacances",1,1,"m",1,NA,0,0
"1037",34,"French","","Canada",35,NA,1,0,14,"Quelques amis, ils sont venus",1,1,"mis",1,NA,0,0
"1039",34,"French","","Canada",35,NA,1,0,16,"Aucun enfant, il a le droit de faire ca",3,1,"m",1,NA,0,0
"1043",34,"French","","Canada",35,NA,1,0,20,"Beaucoup d'americains, ils ont achete du papier toilette",1,1,"m",1,NA,0,0
"1045",34,"French","","Canada",35,NA,1,0,22,"Peu de gens, ils ont accord  une assurance sante",1,1,"m",1,NA,0,0
"1048",34,"French","","Canada",35,NA,1,0,25,"Jean, il boit et il mange toute la journee",5,NA,"m",2,1,0,0
"1051",34,"French","","Canada",35,NA,1,0,28,"Andre, i mange et i boit toute la journee",3,NA,"m",2,1,1,0
"1053",34,"French","","Canada",35,NA,1,0,30,"Marie, elle boit et elle mange toute la journee",5,NA,"f",2,1,1,0
"1054",34,"French","","Canada",35,NA,1,0,31,"Marie, a boit et a mange toute la journee",4,NA,"f",2,1,1,0
"1055",35,"French","","Canada",22,NA,1,0,1,"Chacun, il veut avoir raison",1,1,"m",1,NA,0,0
"1057",35,"French","","Canada",22,NA,1,0,3,"Tous, ils sont d'accord",4,1,"m",1,NA,0,0
"1059",35,"French","","Canada",22,NA,1,0,5,"Quelqu'un, il a telephone",1,1,"m",1,NA,0,0
"1060",35,"French","","Canada",22,NA,1,0,6,"Quelqu'une, elle a telephone",1,1,"f",1,NA,0,0
"1066",35,"French","","Canada",22,NA,1,0,12,"Tous mes amis, ils sont partis en vacances",3,1,"m",1,NA,0,0
"1068",35,"French","","Canada",22,NA,1,0,14,"Quelques amis, ils sont venus",2,1,"mis",1,NA,0,0
"1070",35,"French","","Canada",22,NA,1,0,16,"Aucun enfant, il a le droit de faire ca",1,1,"m",1,NA,0,0
"1074",35,"French","","Canada",22,NA,1,0,20,"Beaucoup d'americains, ils ont achete du papier toilette",3,1,"m",1,NA,0,0
"1076",35,"French","","Canada",22,NA,1,0,22,"Peu de gens, ils ont accord  une assurance sante",1,1,"m",1,NA,0,0
"1079",35,"French","","Canada",22,NA,1,0,25,"Jean, il boit et il mange toute la journee",4,NA,"m",2,1,0,0
"1082",35,"French","","Canada",22,NA,1,0,28,"Andre, i mange et i boit toute la journee",1,NA,"m",2,1,1,0
"1084",35,"French","","Canada",22,NA,1,0,30,"Marie, elle boit et elle mange toute la journee",4,NA,"f",2,1,1,0
"1085",35,"French","","Canada",22,NA,1,0,31,"Marie, a boit et a mange toute la journee",2,NA,"f",2,1,1,0
"1086",36,"French","","Canada",30,NA,1,0,1,"Chacun, il veut avoir raison",1,1,"m",1,NA,0,0
"1088",36,"French","","Canada",30,NA,1,0,3,"Tous, ils sont d'accord",1,1,"m",1,NA,0,0
"1090",36,"French","","Canada",30,NA,1,0,5,"Quelqu'un, il a telephone",1,1,"m",1,NA,0,0
"1091",36,"French","","Canada",30,NA,1,0,6,"Quelqu'une, elle a telephone",1,1,"f",1,NA,0,0
"1097",36,"French","","Canada",30,NA,1,0,12,"Tous mes amis, ils sont partis en vacances",2,1,"m",1,NA,0,0
"1099",36,"French","","Canada",30,NA,1,0,14,"Quelques amis, ils sont venus",1,1,"mis",1,NA,0,0
"1101",36,"French","","Canada",30,NA,1,0,16,"Aucun enfant, il a le droit de faire ca",1,1,"m",1,NA,0,0
"1105",36,"French","","Canada",30,NA,1,0,20,"Beaucoup d'americains, ils ont achete du papier toilette",1,1,"m",1,NA,0,0
"1107",36,"French","","Canada",30,NA,1,0,22,"Peu de gens, ils ont accord  une assurance sante",1,1,"m",1,NA,0,0
"1110",36,"French","","Canada",30,NA,1,0,25,"Jean, il boit et il mange toute la journee",5,NA,"m",2,1,0,0
"1113",36,"French","","Canada",30,NA,1,0,28,"Andre, i mange et i boit toute la journee",5,NA,"m",2,1,1,0
"1115",36,"French","","Canada",30,NA,1,0,30,"Marie, elle boit et elle mange toute la journee",5,NA,"f",2,1,1,0
"1116",36,"French","","Canada",30,NA,1,0,31,"Marie, a boit et a mange toute la journee",4,NA,"f",2,1,1,0
"1117",37,"French","","Canada",29,NA,1,0,1,"Chacun, il veut avoir raison",1,1,"m",1,NA,0,0
"1119",37,"French","","Canada",29,NA,1,0,3,"Tous, ils sont d'accord",3,1,"m",1,NA,0,0
"1121",37,"French","","Canada",29,NA,1,0,5,"Quelqu'un, il a telephone",1,1,"m",1,NA,0,0
"1122",37,"French","","Canada",29,NA,1,0,6,"Quelqu'une, elle a telephone",1,1,"f",1,NA,0,0
"1128",37,"French","","Canada",29,NA,1,0,12,"Tous mes amis, ils sont partis en vacances",4,1,"m",1,NA,0,0
"1130",37,"French","","Canada",29,NA,1,0,14,"Quelques amis, ils sont venus",1,1,"mis",1,NA,0,0
"1132",37,"French","","Canada",29,NA,1,0,16,"Aucun enfant, il a le droit de faire ca",1,1,"m",1,NA,0,0
"1136",37,"French","","Canada",29,NA,1,0,20,"Beaucoup d'americains, ils ont achete du papier toilette",1,1,"m",1,NA,0,0
"1138",37,"French","","Canada",29,NA,1,0,22,"Peu de gens, ils ont accord  une assurance sante",3,1,"m",1,NA,0,0
"1141",37,"French","","Canada",29,NA,1,0,25,"Jean, il boit et il mange toute la journee",5,NA,"m",2,1,0,0
"1144",37,"French","","Canada",29,NA,1,0,28,"Andre, i mange et i boit toute la journee",3,NA,"m",2,1,1,0
"1146",37,"French","","Canada",29,NA,1,0,30,"Marie, elle boit et elle mange toute la journee",5,NA,"f",2,1,1,0
"1147",37,"French","","Canada",29,NA,1,0,31,"Marie, a boit et a mange toute la journee",4,NA,"f",2,1,1,0
"1148",38,"French","","Canada",24,NA,1,0,1,"Chacun, il veut avoir raison",1,1,"m",1,NA,0,0
"1150",38,"French","","Canada",24,NA,1,0,3,"Tous, ils sont d'accord",2,1,"m",1,NA,0,0
"1152",38,"French","","Canada",24,NA,1,0,5,"Quelqu'un, il a telephone",1,1,"m",1,NA,0,0
"1153",38,"French","","Canada",24,NA,1,0,6,"Quelqu'une, elle a telephone",1,1,"f",1,NA,0,0
"1159",38,"French","","Canada",24,NA,1,0,12,"Tous mes amis, ils sont partis en vacances",5,1,"m",1,NA,0,0
"1161",38,"French","","Canada",24,NA,1,0,14,"Quelques amis, ils sont venus",1,1,"mis",1,NA,0,0
"1163",38,"French","","Canada",24,NA,1,0,16,"Aucun enfant, il a le droit de faire ca",1,1,"m",1,NA,0,0
"1167",38,"French","","Canada",24,NA,1,0,20,"Beaucoup d'americains, ils ont achete du papier toilette",1,1,"m",1,NA,0,0
"1169",38,"French","","Canada",24,NA,1,0,22,"Peu de gens, ils ont accord  une assurance sante",1,1,"m",1,NA,0,0
"1172",38,"French","","Canada",24,NA,1,0,25,"Jean, il boit et il mange toute la journee",1,NA,"m",2,1,0,0
"1175",38,"French","","Canada",24,NA,1,0,28,"Andre, i mange et i boit toute la journee",5,NA,"m",2,1,1,0
"1177",38,"French","","Canada",24,NA,1,0,30,"Marie, elle boit et elle mange toute la journee",1,NA,"f",2,1,1,0
"1178",38,"French","","Canada",24,NA,1,0,31,"Marie, a boit et a mange toute la journee",5,NA,"f",2,1,1,0
"1179",39,"French","","Canada",35,NA,1,0,1,"Chacun, il veut avoir raison",1,1,"m",1,NA,0,0
"1181",39,"French","","Canada",35,NA,1,0,3,"Tous, ils sont d'accord",2,1,"m",1,NA,0,0
"1183",39,"French","","Canada",35,NA,1,0,5,"Quelqu'un, il a telephone",1,1,"m",1,NA,0,0
"1184",39,"French","","Canada",35,NA,1,0,6,"Quelqu'une, elle a telephone",1,1,"f",1,NA,0,0
"1190",39,"French","","Canada",35,NA,1,0,12,"Tous mes amis, ils sont partis en vacances",4,1,"m",1,NA,0,0
"1192",39,"French","","Canada",35,NA,1,0,14,"Quelques amis, ils sont venus",3,1,"mis",1,NA,0,0
"1194",39,"French","","Canada",35,NA,1,0,16,"Aucun enfant, il a le droit de faire ca",1,1,"m",1,NA,0,0
"1198",39,"French","","Canada",35,NA,1,0,20,"Beaucoup d'americains, ils ont achete du papier toilette",1,1,"m",1,NA,0,0
"1200",39,"French","","Canada",35,NA,1,0,22,"Peu de gens, ils ont accord  une assurance sante",1,1,"m",1,NA,0,0
"1203",39,"French","","Canada",35,NA,1,0,25,"Jean, il boit et il mange toute la journee",5,NA,"m",2,1,0,0
"1206",39,"French","","Canada",35,NA,1,0,28,"Andre, i mange et i boit toute la journee",5,NA,"m",2,1,1,0
"1208",39,"French","","Canada",35,NA,1,0,30,"Marie, elle boit et elle mange toute la journee",5,NA,"f",2,1,1,0
"1209",39,"French","","Canada",35,NA,1,0,31,"Marie, a boit et a mange toute la journee",5,NA,"f",2,1,1,0
"1210",40,"French","","Canada",50,NA,1,0,1,"Chacun, il veut avoir raison",1,1,"m",1,NA,0,0
"1212",40,"French","","Canada",50,NA,1,0,3,"Tous, ils sont d'accord",3,1,"m",1,NA,0,0
"1214",40,"French","","Canada",50,NA,1,0,5,"Quelqu'un, il a telephone",1,1,"m",1,NA,0,0
"1215",40,"French","","Canada",50,NA,1,0,6,"Quelqu'une, elle a telephone",1,1,"f",1,NA,0,0
"1221",40,"French","","Canada",50,NA,1,0,12,"Tous mes amis, ils sont partis en vacances",2,1,"m",1,NA,0,0
"1223",40,"French","","Canada",50,NA,1,0,14,"Quelques amis, ils sont venus",2,1,"mis",1,NA,0,0
"1225",40,"French","","Canada",50,NA,1,0,16,"Aucun enfant, il a le droit de faire ca",1,1,"m",1,NA,0,0
"1229",40,"French","","Canada",50,NA,1,0,20,"Beaucoup d'americains, ils ont achete du papier toilette",1,1,"m",1,NA,0,0
"1231",40,"French","","Canada",50,NA,1,0,22,"Peu de gens, ils ont accord  une assurance sante",1,1,"m",1,NA,0,0
"1234",40,"French","","Canada",50,NA,1,0,25,"Jean, il boit et il mange toute la journee",5,NA,"m",2,1,0,0
"1237",40,"French","","Canada",50,NA,1,0,28,"Andre, i mange et i boit toute la journee",2,NA,"m",2,1,1,0
"1239",40,"French","","Canada",50,NA,1,0,30,"Marie, elle boit et elle mange toute la journee",5,NA,"f",2,1,1,0
"1240",40,"French","","Canada",50,NA,1,0,31,"Marie, a boit et a mange toute la journee",2,NA,"f",2,1,1,0
"1241",41,"French","","Canada",40,NA,1,0,1,"Chacun, il veut avoir raison",2,1,"m",1,NA,0,0
"1243",41,"French","","Canada",40,NA,1,0,3,"Tous, ils sont d'accord",2,1,"m",1,NA,0,0
"1245",41,"French","","Canada",40,NA,1,0,5,"Quelqu'un, il a telephone",2,1,"m",1,NA,0,0
"1246",41,"French","","Canada",40,NA,1,0,6,"Quelqu'une, elle a telephone",3,1,"f",1,NA,0,0
"1252",41,"French","","Canada",40,NA,1,0,12,"Tous mes amis, ils sont partis en vacances",4,1,"m",1,NA,0,0
"1254",41,"French","","Canada",40,NA,1,0,14,"Quelques amis, ils sont venus",3,1,"mis",1,NA,0,0
"1256",41,"French","","Canada",40,NA,1,0,16,"Aucun enfant, il a le droit de faire ca",2,1,"m",1,NA,0,0
"1260",41,"French","","Canada",40,NA,1,0,20,"Beaucoup d'americains, ils ont achete du papier toilette",3,1,"m",1,NA,0,0
"1262",41,"French","","Canada",40,NA,1,0,22,"Peu de gens, ils ont accord  une assurance sante",2,1,"m",1,NA,0,0
"1265",41,"French","","Canada",40,NA,1,0,25,"Jean, il boit et il mange toute la journee",4,NA,"m",2,1,0,0
"1268",41,"French","","Canada",40,NA,1,0,28,"Andre, i mange et i boit toute la journee",1,NA,"m",2,1,1,0
"1270",41,"French","","Canada",40,NA,1,0,30,"Marie, elle boit et elle mange toute la journee",4,NA,"f",2,1,1,0
"1271",41,"French","","Canada",40,NA,1,0,31,"Marie, a boit et a mange toute la journee",2,NA,"f",2,1,1,0
"1272",42,"French","","Canada",25,NA,1,0,1,"Chacun, il veut avoir raison",1,1,"m",1,NA,0,0
"1274",42,"French","","Canada",25,NA,1,0,3,"Tous, ils sont d'accord",1,1,"m",1,NA,0,0
"1276",42,"French","","Canada",25,NA,1,0,5,"Quelqu'un, il a telephone",1,1,"m",1,NA,0,0
"1277",42,"French","","Canada",25,NA,1,0,6,"Quelqu'une, elle a telephone",1,1,"f",1,NA,0,0
"1283",42,"French","","Canada",25,NA,1,0,12,"Tous mes amis, ils sont partis en vacances",1,1,"m",1,NA,0,0
"1285",42,"French","","Canada",25,NA,1,0,14,"Quelques amis, ils sont venus",1,1,"mis",1,NA,0,0
"1287",42,"French","","Canada",25,NA,1,0,16,"Aucun enfant, il a le droit de faire ca",1,1,"m",1,NA,0,0
"1291",42,"French","","Canada",25,NA,1,0,20,"Beaucoup d'americains, ils ont achete du papier toilette",1,1,"m",1,NA,0,0
"1293",42,"French","","Canada",25,NA,1,0,22,"Peu de gens, ils ont accord  une assurance sante",1,1,"m",1,NA,0,0
"1296",42,"French","","Canada",25,NA,1,0,25,"Jean, il boit et il mange toute la journee",5,NA,"m",2,1,0,0
"1299",42,"French","","Canada",25,NA,1,0,28,"Andre, i mange et i boit toute la journee",5,NA,"m",2,1,1,0
"1301",42,"French","","Canada",25,NA,1,0,30,"Marie, elle boit et elle mange toute la journee",5,NA,"f",2,1,1,0
"1302",42,"French","","Canada",25,NA,1,0,31,"Marie, a boit et a mange toute la journee",5,NA,"f",2,1,1,0
"1303",43,"French","","Canada",28,NA,1,0,1,"Chacun, il veut avoir raison",1,1,"m",1,NA,0,0
"1305",43,"French","","Canada",28,NA,1,0,3,"Tous, ils sont d'accord",3,1,"m",1,NA,0,0
"1307",43,"French","","Canada",28,NA,1,0,5,"Quelqu'un, il a telephone",2,1,"m",1,NA,0,0
"1308",43,"French","","Canada",28,NA,1,0,6,"Quelqu'une, elle a telephone",2,1,"f",1,NA,0,0
"1314",43,"French","","Canada",28,NA,1,0,12,"Tous mes amis, ils sont partis en vacances",3,1,"m",1,NA,0,0
"1316",43,"French","","Canada",28,NA,1,0,14,"Quelques amis, ils sont venus",2,1,"mis",1,NA,0,0
"1318",43,"French","","Canada",28,NA,1,0,16,"Aucun enfant, il a le droit de faire ca",1,1,"m",1,NA,0,0
"1322",43,"French","","Canada",28,NA,1,0,20,"Beaucoup d'americains, ils ont achete du papier toilette",2,1,"m",1,NA,0,0
"1324",43,"French","","Canada",28,NA,1,0,22,"Peu de gens, ils ont accord  une assurance sante",1,1,"m",1,NA,0,0
"1327",43,"French","","Canada",28,NA,1,0,25,"Jean, il boit et il mange toute la journee",5,NA,"m",2,1,0,0
"1330",43,"French","","Canada",28,NA,1,0,28,"Andre, i mange et i boit toute la journee",5,NA,"m",2,1,1,0
"1332",43,"French","","Canada",28,NA,1,0,30,"Marie, elle boit et elle mange toute la journee",5,NA,"f",2,1,1,0
"1333",43,"French","","Canada",28,NA,1,0,31,"Marie, a boit et a mange toute la journee",5,NA,"f",2,1,1,0
"1334",44,"French","","Canada",28,NA,1,0,1,"Chacun, il veut avoir raison",1,1,"m",1,NA,0,0
"1336",44,"French","","Canada",28,NA,1,0,3,"Tous, ils sont d'accord",2,1,"m",1,NA,0,0
"1338",44,"French","","Canada",28,NA,1,0,5,"Quelqu'un, il a telephone",1,1,"m",1,NA,0,0
"1339",44,"French","","Canada",28,NA,1,0,6,"Quelqu'une, elle a telephone",1,1,"f",1,NA,0,0
"1345",44,"French","","Canada",28,NA,1,0,12,"Tous mes amis, ils sont partis en vacances",2,1,"m",1,NA,0,0
"1347",44,"French","","Canada",28,NA,1,0,14,"Quelques amis, ils sont venus",1,1,"mis",1,NA,0,0
"1349",44,"French","","Canada",28,NA,1,0,16,"Aucun enfant, il a le droit de faire ca",1,1,"m",1,NA,0,0
"1353",44,"French","","Canada",28,NA,1,0,20,"Beaucoup d'americains, ils ont achete du papier toilette",1,1,"m",1,NA,0,0
"1355",44,"French","","Canada",28,NA,1,0,22,"Peu de gens, ils ont accord  une assurance sante",1,1,"m",1,NA,0,0
"1358",44,"French","","Canada",28,NA,1,0,25,"Jean, il boit et il mange toute la journee",5,NA,"m",2,1,0,0
"1361",44,"French","","Canada",28,NA,1,0,28,"Andre, i mange et i boit toute la journee",5,NA,"m",2,1,1,0
"1363",44,"French","","Canada",28,NA,1,0,30,"Marie, elle boit et elle mange toute la journee",5,NA,"f",2,1,1,0
"1364",44,"French","","Canada",28,NA,1,0,31,"Marie, a boit et a mange toute la journee",5,NA,"f",2,1,1,0
"1365",45,"French","","Canada",25,NA,1,0,1,"Chacun, il veut avoir raison",2,1,"m",1,NA,0,0
"1367",45,"French","","Canada",25,NA,1,0,3,"Tous, ils sont d'accord",4,1,"m",1,NA,0,0
"1369",45,"French","","Canada",25,NA,1,0,5,"Quelqu'un, il a telephone",2,1,"m",1,NA,0,0
"1370",45,"French","","Canada",25,NA,1,0,6,"Quelqu'une, elle a telephone",1,1,"f",1,NA,0,0
"1376",45,"French","","Canada",25,NA,1,0,12,"Tous mes amis, ils sont partis en vacances",5,1,"m",1,NA,0,0
"1378",45,"French","","Canada",25,NA,1,0,14,"Quelques amis, ils sont venus",3,1,"mis",1,NA,0,0
"1380",45,"French","","Canada",25,NA,1,0,16,"Aucun enfant, il a le droit de faire ca",1,1,"m",1,NA,0,0
"1384",45,"French","","Canada",25,NA,1,0,20,"Beaucoup d'americains, ils ont achete du papier toilette",4,1,"m",1,NA,0,0
"1386",45,"French","","Canada",25,NA,1,0,22,"Peu de gens, ils ont accord  une assurance sante",1,1,"m",1,NA,0,0
"1389",45,"French","","Canada",25,NA,1,0,25,"Jean, il boit et il mange toute la journee",5,NA,"m",2,1,0,0
"1392",45,"French","","Canada",25,NA,1,0,28,"Andre, i mange et i boit toute la journee",4,NA,"m",2,1,1,0
"1394",45,"French","","Canada",25,NA,1,0,30,"Marie, elle boit et elle mange toute la journee",5,NA,"f",2,1,1,0
"1395",45,"French","","Canada",25,NA,1,0,31,"Marie, a boit et a mange toute la journee",4,NA,"f",2,1,1,0
"1427",47,"French","","Canada",34,NA,1,0,1,"Chacun, il veut avoir raison",3,1,"m",1,NA,0,0
"1429",47,"French","","Canada",34,NA,1,0,3,"Tous, ils sont d'accord",4,1,"m",1,NA,0,0
"1431",47,"French","","Canada",34,NA,1,0,5,"Quelqu'un, il a telephone",2,1,"m",1,NA,0,0
"1432",47,"French","","Canada",34,NA,1,0,6,"Quelqu'une, elle a telephone",1,1,"f",1,NA,0,0
"1438",47,"French","","Canada",34,NA,1,0,12,"Tous mes amis, ils sont partis en vacances",2,1,"m",1,NA,0,0
"1440",47,"French","","Canada",34,NA,1,0,14,"Quelques amis, ils sont venus",1,1,"mis",1,NA,0,0
"1442",47,"French","","Canada",34,NA,1,0,16,"Aucun enfant, il a le droit de faire ca",1,1,"m",1,NA,0,0
"1446",47,"French","","Canada",34,NA,1,0,20,"Beaucoup d'americains, ils ont achete du papier toilette",1,1,"m",1,NA,0,0
"1448",47,"French","","Canada",34,NA,1,0,22,"Peu de gens, ils ont accord  une assurance sante",2,1,"m",1,NA,0,0
"1451",47,"French","","Canada",34,NA,1,0,25,"Jean, il boit et il mange toute la journee",5,NA,"m",2,1,0,0
"1454",47,"French","","Canada",34,NA,1,0,28,"Andre, i mange et i boit toute la journee",3,NA,"m",2,1,1,0
"1456",47,"French","","Canada",34,NA,1,0,30,"Marie, elle boit et elle mange toute la journee",5,NA,"f",2,1,1,0
"1457",47,"French","","Canada",34,NA,1,0,31,"Marie, a boit et a mange toute la journee",3,NA,"f",2,1,1,0
